title,content,date
Lexus LX Kini Lebih 'Hijau' dengan Teknologi Hybrid,"Lexus resmi memperkenalkan SUV gagah Lexus LX terbaru. Kini, Lexus LX memiliki teknologi hybrid yang menjadi LX pertama dengan teknologi ramah lingkungan itu.","Jumat, 11 Okt 2024 11:44 WIB"
SETC Sampoerna Dukung Pemanfaatan Riset dan Teknologi bagi UMKM,Yayasan Inovasi Teknologi Indonesia (INOTEK) berkolaborasi dengan Badan Riset Inovasi Nasional (BRIN) mengadakan acara Inovasi dan Digitalisasi Entrepreneur untuk Akselerasi Lanjutan (IDEAL).,"Jumat, 11 Okt 2024 10:04 WIB"
TNI AU Adopsi Perkembangan Teknologi Hadapi Perang Masa Depan,"TNI Angkatan Udara(AU) memandang pentingnya mengadopsi perkembangan teknologi dewasa kini. KSAU MarsekalTonny Harjonomengatakan pihaknya mengadopsi perkembangan teknologi, termasuk teknologi elektronika untuk menghadapi perang masa depan.","Rabu, 09 Okt 2024 10:21 WIB"
Video: Intip Spesifikasi HP Rp 900 Ribuan Tecno Spark Go 1,Tecno Spark Go 1 resmi diluncurkan di Indonesia. HP dengan harga Rp 900 ribuan ini memiliki kemampuan tahan banting yang mumpuni.,"4,985 Views  |  Sabtu, 05 Okt 2024 10:15 WIB"
Pakai Teknologi Ini Bangun Rumah Bisa Lebih Cepat dan Tahan Gempa,"Untuk memenuhi kebutuhan rumah murah dan menciptakan pembangunan rumah yang lebih efisien dari segi waktu dan biaya, perlu inovasi terbaru untuk memenuhi target yang diinginkan.","Jumat, 11 Okt 2024 09:30 WIB"
"Sinopsis The 6th Day, Kala Teknologi Kloning Merugikan Manusia","Bioskop Trans TV malam ini Kamis, 10 Oktober 2024 akan menayangkan filmThe 6th Day. Temukan sinopsis filmThe 6th Dayyang dibintangi oleh Arnold Schwarzenegger dan Sarah Wynter melalui paparan berikut.","Kamis, 10 Okt 2024 19:00 WIB"
Broker Asing Jagokan GOTO Jadi Saham Pilihan di Sektor Teknologi,JP Morgan belum lama ini merilis laporan riset yang fokus menyoroti sektor internet di Indonesia. Broker asing asal Amerika Serikat (AS) tersebut memilih saham PT GoTo Gojek Tokopedia Tbk (GOTO) menjadi emiten yang diunggulkan.,"Kamis, 10 Okt 2024 16:55 WIB"
"Potret Museum Nasional Indonesia Dibuka Pascakebakaran, Makin Canggih dengan AI!",Jakarta- Museum Nasional Indonesia (MNI) dibuka kembali usai renovasi pascakebakaran. Museum ini kini makin canggih ditunjang teknologi Artificial Intelligence (AI).,"Jumat, 11 Okt 2024 19:20 WIB"
"Dyson Rilis 2 Alat Styling Rambut, Teknologi Canggih Berbasis Machine Learning","Dyson kembali berinovasi di dunia kecantikan dengan merilis dua alat styling rambut terbaru, yakni Dyson Airwrap i.d Multi-Styler and Dryer serta Dyson Supersonic Nural Hair Dryer. Kedua alat ini memanfaatkan teknologi mutakhir, termasuk machine learning, untuk memberikan hasil styling optimal sekaligus menjaga kesehatan rambut.",Tidak ada tanggal
"Teknologi Makin Maju, UU Telekomunikasi Malah Ketinggalan Zaman","Sejalan dengan perkembangan teknologi yang kian masif, aturan perundangan-undangan yang menaunginya, yaitu Undang-Undang Nomor 36 Tahun 1999 tentang Telekomunikasi, dinilai sudah tidak relevan atau dikatakan ketinggalan zaman","Selasa, 08 Okt 2024 17:37 WIB"
Perbedaan Invensi dan Inovasi dalam Perkembangan Teknologi hingga Bisnis,"Perkembangan teknologi yang pesat seringkali diiringi dengan berbagai istilah yang kerap membuat kita bingung, salah satunya adalah invensi dan inovasi. Meski sering dianggap serupa, keduanya memiliki perbedaan yang signifikan dan penting dalam dunia industri, teknologi, dan bisnis.","Jumat, 04 Okt 2024 04:00 WIB"
ASN Wajib Tingkatkan Kompetensi dan Cakap Teknologi,"Aparatur sipil negara (ASN) wajib mengembangkan kompetensi dan mewujudkan birokrasi yang berdampak nyata untuk masyarakat. Selain itu birokrasi juga perlu didukung oleh smart organization yang dipimpin oleh future ready leaders yang cakap teknologi, mampu berkolaborasi dalam bekerja, memberi pelayanan sesuai ekspektasi, berbudaya kreatif dan inovatif.","Rabu, 07 Agu 2024 15:23 WIB"
Teknologi Tepat Guna bagi Desa,"Direka mantan presiden cum teknolog BJ Habibie sejak 1999, tahun ini Gelar Teknologi Tepat Guna Nusantara (GTTGN) XXV telah selesai diselenggarakan di Lombok, Nusa Tenggara Barat sepanjang 14-17 Juli 2024.","Senin, 22 Jul 2024 10:22 WIB"
Wapres Ma'ruf Buka Iconaset UNUSA: Momentum Kampus Kembangkan Teknologi,"Wakil Presiden Republik IndonesiaMa'ruf Aminberbicara tentang pentingnya pengembangan inovasi dan teknologi di tingkat global. Karena itu, dia meminta agar lembaga pendidikan dan penelitian dapat menghasilkan riset yang relevan dengan perkembangan zaman dan industri.","Rabu, 11 Sep 2024 11:27 WIB"
"Ma'ruf Ingatkan Ancaman Kedaulatan Siber, Minta TNI-Polri Melek Teknologi",Wakil PresidenMa'ruf Aminmengingatkan pesatnya perkembangan teknologi informasi saat ini. Ma'ruf meminta jajaran TNI-Polri terus meningkatkan kemampuan dalam bidang teknologi.,"Kamis, 11 Jul 2024 13:42 WIB"
"Video: Teknologi Canggih WDCC 2024 Shanghai, Ada HP Lipat 3 Huawei Mate XT",World Design Cities Conference (WDCC) 2024 telah diselenggarakan. Menampilkan lebih dari 3 ribu pameran dari 500 merek.,"3,633 Views  |  Sabtu, 28 Sep 2024 16:13 WIB"
"Dear Prabowo, Ini Sektor Teknologi untuk Pertumbuhan Ekonomi 8%","Pemerintahan Prabowo Subianto-Gibran Rakabuming menargetkan pertumbuhan ekonomi hingga 8% dalam lima tahun ke depan. Di era digital, sektor teknologi bisa menjadi pendongkrak target pertumbuhan ekonomi nasional tersebut.","Selasa, 03 Sep 2024 16:08 WIB"
"Gelar Rakernas, Peradi SAI Soroti Perkembangan Teknologi Bagi Advokat","Perhimpunan Advokat Indonesia Suara Advokat Indonesia (Peradi SAI) menggelar rangkaian acara Rapat Kerja Nasional (Rakenas) ke-5. Dalam rakernas, Peradi SAI menyiapkan anggotanya agar siap menggunakan kecerdasan buatan.","Jumat, 09 Agu 2024 21:58 WIB"
"Teknologi Baru Sepatu Segala Medan, Bisa Buat Trekking-Mancing","Ada teknologi baru yang ditanamkan ke sebuah sepatu, yang membuatnya cocok dipakai di segala medan, bisa buat trekking dan juga mancing.","Senin, 10 Jun 2024 11:03 WIB"
"Lihat dari Dekat Motor Listrik Honda CUV e:, Harga Tembus Rp 50-an Juta",Cikarang- Honda juga meluncurkan motor listrik CUV e:. Motor listrik ini hadir dengan sejumlah teknologi mutakhir.,"Kamis, 10 Okt 2024 09:37 WIB"
"Pusri Launching Teknologi AR/VR, Permudah Pengenalan Profil Perusahaan","Sebagai salah satu upaya transformasi digital khususnya dalam bidang pembelajaran di lingkungan perusahaan, PT Pusri Palembang merilis Virtual Reality (VR) dan Augmented Reality (AR).","Kamis, 25 Jul 2024 10:00 WIB"
"Terbitkan Buku, Kemenperin Dorong Penerapan Teknologi 4.0 Industri Batik",Kementerian Perindustrian (Kemenperin) mendorong pengembangan industri batik di tengah era digital saat ini. Salah satu upaya Kemenperin terlihat dari diterbitkannya buku berjudul 'Batik Berkelanjutan: Rantai Pasok Industri 4.0' yang disusun oleh tim penulis dari berbagai latar belakang.,"Jumat, 04 Okt 2024 10:53 WIB"
RI-Amerika Serikat Buka Kerja Sama Pengembangan Teknologi hingga EBT,Menteri Koordinator Bidang Perekonomian Airlangga Hartarto bertemu dengan Under Secretary for Economic Growth US Department of States Jose Fernandez.,"Selasa, 16 Jul 2024 10:45 WIB"
"Terapkan Teknologi 4.0, Produksi Semen SIG Naik & Turunkan Emisi","""Implementasi teknologi berbasis Industry 4.0 terbukti berhasil meningkatkan produktivitas dalam kegiatan produksi dengan penggunaan energi yang lebih hemat. Tak hanya berkontribusi terhadap efisiensi biaya dan penurunan emisi, namun penerapan teknologi Industry 4.0 juga membantu dalam peningkatan keselamatan pertambangan, sehingga SIG meraih penghargaan Good Mining Practice Adhitama dan Predikat Terbaik bidang keselamatan pertambangan dari Kementerian Perindustrian,"" ungkap Direkrut Operasi SIG, Reni Wulandari, dalam keterangannya, Kamis (3/10/2024).","Kamis, 03 Okt 2024 19:24 WIB"
Penguasaan Teknologi Roket dan Satelit: Kunci Kemandirian Antariksa,"Kedaulatan ruang udara dan ruang antariksa adalah dua aspek yang saling terkait dalam konteks geopolitik dan teknologi modern. Ruang udara, yang mencakup wilayah di atas daratan dan perairan suatu negara, merupakan wilayah kedaulatan yang diatur secara tegas oleh hukum internasional. Namun, kedaulatan ini memiliki batas yang semakin kabur ketika menyangkut ruang angkasa, karena antariksa dianggap sebagai domain yang terbuka untuk eksplorasi dan pemanfaatan oleh semua negara, sesuai dengan perjanjian internasional seperti Outer Space Treaty 1967. Bagi Indonesia, menjaga kedaulatan baik di ruang udara maupun ruang antariksa menjadi semakin penting, mengingat pesatnya perkembangan teknologi antariksa dan persaingan global yang semakin intens.","Kamis, 03 Okt 2024 19:30 WIB"
Waka MPR Sebut Nilai Budaya Harus Jadi Pondasi Moral Teknologi AI,"Wakil Ketua MPR RI, Lestari Moerdijat mengatakan nilai-nilai budaya dan kebangsaan harus menjadi pondasi moral dalam pemanfaatan kecerdasan buatan di Indonesia. Apalagi saat ini teknologi tersebut sedang berkembang dengan pesat.","Rabu, 25 Sep 2024 22:06 WIB"
Teknologi Bisa Kikis Kesenjangan di Dunia Pendidikan,"Google for Education Indonesia Country Lead, Olivia Husli Basrin, menyebut teknologi bisa menjadi jembatan untuk memperkecil kesenjangan yang menjadi masalah di sistem pendidikan di Indonesia.","Minggu, 05 Mei  2024 13:45 WIB"
Video: Melihat Aksi Gemas Robot Anjing Pintar TECNO Dynamic 1,Robot anjing pintar TECNO Dynamic 1 hadir pertama kali di Indonesia. Robot itu dipamerkan di di TECNO Game Fest di Mall Taman Anggrek pada 24-19 September 2024. Begini wujudnyaâ¦,Tidak ada tanggal
Simak! Ini Pekerjaan yang Bakal Hilang dan Muncul karena Teknologi,"Kementerian Koordinator (Kemenko) Bidang Perekonomian memperkirakan 80 juta lapangan pekerjaan yang hilang seiring berkembangnya teknologi. Di sisi lain, akan ada sekitar 67 juta lapangan pekerjaan muncul karena transformasi teknologi tersebut.","Rabu, 12 Jun 2024 19:00 WIB"
"Teknologi Haji 2024, dari e-Skuter Hingga Haramain Express",Kerajaan Arab Saudi harus melakukan pengaturan cermat dalam memfasilitasi para peziarah yang melaksanakan ibadah haji setiap tahunnya. Sistem transportasi yang efisien hingga teknologi mutakhir diterapkan negara ini untuk memastikan perjalanan yang lancar dan nyaman bagi semua jemaah.,"Rabu, 12 Jun 2024 18:46 WIB"
Teknologi di Balik Keindahan Kubah Masjid Nabawi yang Bisa Bergeser,"Selain payung-payung raksasa cantik yang menjadi salah satu ciri khasnya, Masjid Nabawi di Madinah, Arab Saudi juga punya kubah yang bisa menutup dan membuka di waktu-waktu tertentu. Sama seperti ketika payung-payung raksasa menguncup dan mengembang, pemandangan menutup dan membukanya kubah juga kerap dinantikan jemaah yang beribadah di sana.","Selasa, 11 Jun 2024 13:15 WIB"
Potret Proyek Hotel Pertama di Dunia yang Dibangun dengan Printer 3D,Texas- Teknologi cetak 3D dan industri perhotelan bertemu di gurun Texas Barat. Hotel ini disebut sebagai hotel cetak 3D pertama di dunia oleh mitra proyek.,"Selasa, 08 Okt 2024 10:00 WIB"
Pasar Produk Teknologi Bakal Terus Tumbuh di Indonesia,"GfK Indonesia mengungkap sejumlah insight mengenai pasar Tech & Durable (T&D) di Indonesia, yang menyoroti tren terkini dan peluang yang menarik di masa depan.","Minggu, 16 Jun 2024 21:03 WIB"
Waka MPR: Perhatikan Literasi Digital demi Tekan Dampak Negatif Teknologi,"Wakil Ketua MPR RI Lestari Moerdijat menyoroti pentingnya membangun karakter generasi penerus. Menurutnya, hal ini perlu diperhatikan demi mengimbangi kecepatan perkembangan teknologi yang berpotensi mempengaruhi generasi muda dalam proses pembangunan.","Minggu, 26 Mei  2024 19:05 WIB"
Hati-hati! Penawaran Teknologi AI Jadi Modus Baru Investasi Bodong,"Otoritas Jasa Keuangan (OJK) mengungkap penawaran investasi bodong juga semakin bervariasi modusnya, terutama di tengah berkembangnya teknologi Artificial intelligence (AI).","Selasa, 01 Okt 2024 17:20 WIB"
Bamsoet Peringatkan Sisi Gelap Kemajuan Teknologi Terhadap Generasi Muda,"Ketua MPR RI Bambang Soesatyo (Bamsoet) bersama OSIS SMA Labschool berkolaborasi menggelar Sosialisasi Empat Pilar MPR RI. Hal ini diselenggarakan bersama dalam rangkaian acara Sky Nation 2024 SMA Labschool Kebayoran, Jakarta.","Sabtu, 04 Mei  2024 13:10 WIB"
Sekda Klaten: Guru Jangan Sampai Kalah dengan Teknologi,Sekretaris Daerah (Sekda) Kabupaten Klaten Jajang Prihono menghadiri halalbihalal dan Hari Ulang Tahun (HUT) Persatuan Guru Republik Indonesia (PGRI) TK Pertiwi (TKP) ke-44 Kabupaten Klaten. Ia menekankan kepada ratusan guru agar jangan sampai kalah dengan teknologi.,"Senin, 29 Apr 2024 16:00 WIB"
Kala Petani Ciparay Dikenalkan Teknologi Pemupukan Pakai Drone,"Para petani di Desa Ciparay, Kecamatan Ciparay, Kabupaten Bandung dikenalkan sistem pertanian berbasis teknologi. Pemupukan padi bisa dilakukan menggunakan drone.","Jumat, 21 Jun 2024 16:30 WIB"
Jusuf Kalla Bicara Teknologi Masa Depan hingga Budaya RI di UMI Makassar,"Wakil Presiden RI ke-10 dan ke-12, HM Jusuf Kalla (JK) berkunjung ke Universitas Muslim Indonesia (UMI) Makassar, Sulawesi Selatan (Sulsel). JK berbicara mengenai teknologi masa depan hingga budaya Indonesia yang menjadi keunggulan.","Jumat, 04 Okt 2024 19:13 WIB"
Video: Meta Pamerkan Kacamata Orion AR yang Diklaim Canggih,"Meta memamerkan prototipe kacamata AR pertamanya yaitu Orion, selama konferensi tahunan Connect di kantor pusatnya di California pada hari Rabu (25/9). Kacamata dipamerkan bersama dengan pembaruan pada produk virtual-reality dan kecerdasan buatan yang sudah ada.",Tidak ada tanggal
Pendiri Perusahaan Digital Arfian Fuadi Terima Penghargaan Inovator Teknologi,"Arfian Fuadi (38) pendiri Dtech-Engineering berhasil mendunia dengan karya-karya desain digitalnya. Berkat karya yang mendunia ini, Arfian Fuadi menerima penghargaan detikjateng-jogja awards sebagai Inovator Teknologi Industri Kecil-Menengah.","Selasa, 30 Apr 2024 14:56 WIB"
12 Ramalan Teknologi Jenius ala Film Sci-Fi yang Jadi Kenyataan,"Pada zamannya teknologi berikut hanya ada dalam ramalan atau film science fiction (sci-fi). Namun, kemajuan teknologi memungkinkan ramalan teknologi tersebut jadi kenyataan.","Sabtu, 18 Mei  2024 17:45 WIB"
"Teknologi Zaman Perunggu Ini Disebut Bisa Mengurangi Emisi, Seperti Apa Bentuknya?","Perserikatan Bangsa-Bangsa (PBB) memiliki tujuan iklim emisi nol bersih pada 2050. Berbagai cara diupayakan masyarakat global dengan mengubah gaya hidup dan industri yang lebih ramah lingkungan. Namun, siapa sangka studi menemukan bahwa teknologi Zaman Perunggu justru bisa mengurangi emisi.","Rabu, 07 Agu 2024 20:30 WIB"
Terowongan Bawah Tanah Tokyo Jadi Destinasi Wisata,Tokyo- Terowongan bawah tanah yang melindungi Tokyo dari banjir jadi daya tarik bagi wisatawan. Pengunjung bisa melihat kecanggihan teknologi dari Negeri Sakura itu.,"Sabtu, 05 Okt 2024 10:03 WIB"
Sektor Teknologi Dominasi Perusahaan Paling Berharga di Dunia,Bisnis pada sektor teknologi terus berkembang cepat. Hal ini sejalan dengan mendominasinya sektor teknologi pada 5 perusahaan paling berharga di dunia.,"52,198 Views  |  Kamis, 27 Jun 2024 13:05 WIB"
"Profesor Riset BRIN Ungkap Teknologi yang Bisa 'Genjot' Pertanian Indonesia, Apa Itu?","Profesor Riset BRIN, Heny Herawati, mengenalkan teknologi formulasi-ekstrusi untuk meningkatkan pertanian Indonesia. Menurutnya, teknologi ini telah berhasil inovasi pengganti gandum berbahan baku lokal.","Rabu, 17 Jul 2024 14:30 WIB"
Airlangga Dorong KEK Kura-Kura Bali Menjadi Katalisator Teknologi,"Pemerintah Indonesia terus berupaya untuk mendorong pemanfaatan teknologi di berbagai sektor, salah satunya industri nasional. Hal itu terlihat dari diluncurkan Kerangka Ekonomi Digital Nasional 2023 dengan memproyeksikan artificial intelligence (AI) dan semikonduktor.","Minggu, 29 Sep 2024 13:19 WIB"
Begini Transformasi Stasiun hingga Teknologi Face Recognition buat Naik KA,KAI Group melakukan inovasi di bidang keselamatan dan pelayanan. Salah satu anak usaha KAI yang juga menjadi central of services dalam melayani pelanggan adalah KAI Services.,"Minggu, 29 Sep 2024 11:28 WIB"
Realme Pamer Teknologi Charger 300W,"Realme akhirnya memastikan akan merilis teknologi charger 300W terbarunya pada 14 Agustus mendatang di China, tepatnya di acara tahunan Realme yang bernama 828 Fan Festival.","Senin, 12 Agu 2024 21:10 WIB"
Christopher Nolan Si Anti-Teknologi,"Bahkan bagi beberapa orang, smartphone menjadi salah satu hal yang paling penting dan wajib untuk dibawa ke mana pun mereka pergi. Namun hal ini ternyata tak berlaku untuk Christopher Nolan.",Tidak ada tanggal
7 Produk Teknologi yang Mati di Tahun 2023,"2023 menjadi tahun kelahiran beberapateknologibaru. Sebut saja headset Apple Vision Pro yang sudah lama dirumorkan, serta kebangkitan kecerdasan buatan (AI) generatif seperti ChatGPT dan Google Bard.","Jumat, 29 Des 2023 09:45 WIB"
Video: Kebolehan Xiaomi 14T dan Xiaomi 14T Pro: Fotografi Malam dengan Leica,Xiaomi 14T Series telah diluncurkan secara global. Mereka adalah Xiaomi 14T dan Xiaomi 14T Pro yang menghadirkan pengalaman fotografi malam lebih hidup berkat teknologi Leica.,"16,666 Views  |  Jumat, 27 Sep 2024 08:00 WIB"
Melihat Peringkat ESG Global Perusahaan Teknologi,"Morningstar Sustainalytics baru saja merilis hasil terbaru peringkat environmental, social, and governance (ESG) perusahaan teknologi. Siapa yang paling baik?","Jumat, 06 Sep 2024 06:40 WIB"
"Makin Canggih, Pemasaran Properti Kini Bisa Pakai Teknologi ini","Dunia pemasaran terus berubah dan berkembang. Dari yang sebelumnya era Marketing 5.0, yaitu Technology for Humanity, kini menuju era baru, yaitu Marketing 6.0, In The Metaverse.","Senin, 22 Jan 2024 19:00 WIB"
"Bukan Hanya Robot, Ini Peran Penting Teknologi 4.0 untuk Industri Halal","Dalam sektor industri halal, teknologi industri 4.0 dinilai berperan penting menjaga kualitas produk serta membuka peluang baru untuk bersaing di pasar global. Hal ini turut menjadi bahasan dalam talkshow Industrial Festival 2024 di Tangerang pada Sabtu (28/9).","Selasa, 01 Okt 2024 09:54 WIB"
Penampakan Terkini Terminal Bandara Nusantara IKN,Kalimantan Timur- Pengerjaan proyek Bandara Nusantara di IKN terus dilakukan. Bandara ini memanfaatkan beberapa teknologi pendukung guna hasil optimal. Begini penampakannya.,"Kamis, 26 Sep 2024 23:00 WIB"
"Video: Elon Musk Suguhkan Robot Optimus, Bisa Menyiram-Jaga Anak","Dalam acara 'We Robot' yang digelar Tesla di California pada Kamis (10/10), CEO Tesla, Elon Musk, menyuguhkan sejumlah teknologi yang sukses diciptakan. Salah satunya adalah robot humanoid Optimus","758 Views  |  Jumat, 11 Okt 2024 19:30 WIB"
Dirut Lintasarta Bicara Pentingnya Literasi Teknologi di Indonesia,Direktur Utama Lintasarta Bayu Hanantasena menjadi narasumber dalam Podcast Endgame yang dipandu Gita Wirjawan di kanal YouTube-nya. Podcast tersebut menggali topik mendalam mengenai kemajuan ilmu pengetahuan dan teknologi.,"Sabtu, 13 Jan 2024 21:49 WIB"
Kemhan Dorong Kemajuan Industri Dirgantara Nasional dengan Transfer Teknologi,Kementerian Pertahanan (Kemhan) RI mendorong industri dirgantara dalam negeri. Salah satu langkahnya adalah dengan memperbanyaktransfers of technologyatau transfer teknologi.,"Jumat, 27 Sep 2024 19:06 WIB"
Kata Polisi Hongkong soal Teknologi ETLE-Analisa Kecelakaan yang Dipakai Korlantas,Polisi Hong Kong mengomentari soal teknologi yang digunakan Korlantas Polri dalam meningkatkan keselamatan dan kenyamanan berkendara. Begini katanya.,"Senin, 30 Sep 2024 20:35 WIB"
"Panduan Pakai AI buat Mahasiswa dan Dosen Resmi Kemdikbud, Download di Sini!","Kementerian Pendidikan, Kebudayaan, Riset, dan Teknologi (Kemendikbudristek) merilis buku Panduan Penggunaan Generative Artificial Intelligence (GenAI) pada Pembelajaran di Perguruan Tinggi, Jumat (11/10/2024).Download(unduh) panduan AI di kampus ini di lamans.id/PanduanGenAI.","Jumat, 11 Okt 2024 19:00 WIB"
Sejarah Komputer: Berawal dari Mesin Hitung hingga Teknologi Berbasis Jaringan,"Komputer telah menjadi salah satu aspek paling integral dalam kehidupan abad ke-21 saat ini. Istilah komputer berasal dari bahasa Latincomputareyang berarti menghitung. Mengingat, komputer awalnya dirancang sebagai mesin hitung.","Minggu, 07 Jan 2024 06:00 WIB"
"Ulike Hadir di Indonesia, Bawa Teknologi Kecantikan Hair Removal","Merek teknologi kecantikan yang sedang tren saat ini Ulike, merupakan brand terpercaya di sektor hair removal secara global. Mereka mengungkapkan rencananya untuk memasuki pasar Indonesia di channel online dan offline selama acara pertamanya di Indonesia.",Tidak ada tanggal
Video: Respons ITB soal Kebijakan Kerja Paruh Waktu pada Penerima Keringanan UKT,Pihak Institut Teknologi Bandung (ITB) buka suara terkait kebijakan kerja paruh waktu di kampus untuk mahasiswa penerima beasiswa pengurangan Uang Kuliah Tunggal (UKT). Disebutkan bahwa tujuan kebijakan ini agar mahasiswa bisa berkontribusi pada pengembangan kampus.,"9,082 Views  |  Rabu, 25 Sep 2024 18:30 WIB"
"Profesor Harvard Klaim Dugaan Kedatangan Alien ke Bumi, Pakai Teknologi Ini","Alien terus menjadi perdebatan dan menjadi topik menarik untuk ditelusuri para ilmuwan. Salah satunya adalah seorang ahli astrofisika teoretis di Universitas Harvard, Profesor Avi Loeb, yang dijuluki sebagai 'pemburu alien'.","Senin, 22 Apr 2024 19:00 WIB"
Macam-Macam Perkembangan Teknologi dalam Kehidupan Sehari-hari,"Teknologi menurut Kamus Besar Bahasa Indonesia (KBBI) memiliki dua arti. Pertama, teknologi diartikan sebagai metode ilmiah untuk mencapai tujuan praktis; ilmu pengetahuan terapan. Kedua, teknologi dipahami sebagai keseluruhan sarana untuk menyediakan barang-barang yang diperlukan bagi kelangsungan dan kenyamanan hidup manusia.","Jumat, 22 Des 2023 06:30 WIB"
Realme Pamer Teknologi Fast Charging 300W,"Vendor ponsel China, Realme, tampaknya sedang ambisius mengambangkan teknologi fast charging. Minggu (11/8) kemarin, Realme memamerkan teknologi fast charging 300W-nya yang bisa mengisi daya dari 0 ke 15 persen hanya dalam 32 detik saja.","8,685 Views  |  Selasa, 13 Agu 2024 08:00 WIB"
Pameran Pendingin Ruangan Adu Teknologi Ramah Lingkungan,"Jakarta- RHVAC Indonesia 2024 kembali hadirkan pameran yang fokus pada teknologi refrigerasi, pendingin udara (AC), tata udara & efisiensi energi ramah lingkungan.","Kamis, 26 Sep 2024 16:53 WIB"
Jasad Juragan Teknologi Inggris dan Putrinya Ditemukan,"Juragan teknologi Inggris,Mike Lynch, dan putrinya yang baru berusia 18 tahun, Hannah, tenggelam bersama kapal pesiar mewah Bayesian yang diterjang badai hebat. Keduanya dilaporkan telah ditemukan meninggal dunia.","Kamis, 22 Agu 2024 09:36 WIB"
"Resmikan Graha Utama Akmil, Jokowi Minta TNI Waspada Perubahan Cepat Teknologi","Presiden Joko Widodo (Jokowi) meresmikan Graha Utama Akademi Militer di Magelang, Jawa Tengah. Dalam sambutannya Jokowi mengingatkan kepada semua pihak untuk mewaspadai perubahan-perubahan yang muncul.","Senin, 29 Jan 2024 11:58 WIB"
"Peringati Hakordia, Jokowi Ajak Gunakan Teknologi untuk Cegah Korupsi","Presiden RI Joko Widodo menyampaikan korupsi merupakan tindak kejahatan yang menghambat pembangunan, merusak perekonomian bangsa, dan menyengsarakan rakyat. Oleh sebab itu, dibutuhkan sinergi dari berbagai pihak dalam memberantas korupsi.","Selasa, 12 Des 2023 19:04 WIB"
"Teknologi Jaket Canggih Bakal Diuji Coba di Bulan, Tahan Suhu Ekstrem",Sebuah jaket yang disematkan teknologi canggih bakal diujicoba di luar angkasa. Jaket ini akan dibawa ke bulan untuk dites daya tahannya terhadap suhu ekstrem.,"Jumat, 23 Feb 2024 17:10 WIB"
Trend Micro Siapkan Teknologi Pendeteksi Deepfake,"Penelitian Trend Micro menunjukkan bahwa pelaku kejahatan siber memanfaatkan ledakan penggunaan AI di enterprise, salah satunya adalah penggunaan deepfake.","Sabtu, 03 Agu 2024 11:14 WIB"
"Ubah Pikiran Jadi Teks, Begini Teknologi AI DeWave","Para peneliti dari University of Technology Sydney's GrapheneX pada UTS Human Artificial Intelligence Centre membuat DeWave, inovasi pengubah pikiran menjadi kata-kata untuk berkomunikasi.","Kamis, 28 Des 2023 07:30 WIB"
India Ingin Kendalikan Google dan Raksasa Teknologi Digital,"Pada bulan Agustus, pengadilan AS di Washington DC. memvonis Google telah melanggar Undang-undang Antimonopoli dan menghabiskan miliaran dolar untuk mengukuhkan dominasinya di pasar pencarian web dan periklanan.","Jumat, 06 Sep 2024 17:38 WIB"
Modernisasi Pertanian China dengan Bantuan Satelit,"Teknologi satelit terbukti mendorong modernisasi pertanian dan meningkatkan pasokan pangan di Lishu, daerah penghasil biji-bijian utama di Jilin, China. Proses pertanian dipantau dengan satelit Jilin-1, yang bisa memberikan peringatan hama dan penyakit hingga kelembapan tanah.","29,659 Views  |  Selasa, 24 Sep 2024 13:03 WIB"
Menu Kopi di Kedai Ini Dibuat dengan Bantuan Teknologi AI,Google Indonesia dan Kopi Janji Jiwa memanfaatkan fitur Gemini dalam membuat 1 menu kopi baru yang dibuat dengan bantuan teknologi AI.,"Sabtu, 07 Sep 2024 01:30 WIB"
Merancang Geoekonomi Teknologi Kita,[Gambas:Video 20detik],"Selasa, 02 Apr 2024 14:30 WIB"
Seberapa Siap RI Memasuki Era Smart City? Teknologi Jadi Kunci,Penataan kota dan kawasan tak bisa lagi dilakukan dengan cara lawas. Pendekatan smart city jadi pilihan cara yang digunakan untuk mendorong pengembangan kawasan yang lebih bisa memenuhi kebutuhan masyarakat yang tinggal di dalamnya.,"Jumat, 24 Nov 2023 07:58 WIB"
"Wujud SUV Compact BYD yang Irit, Harga Rp 240 Jutaan",Jakarta- BYD merilis Sealion 05 DM-i. Mobil yang masuk kategori SUV compact teknologi hybrid electric vehicles (HEV) ini memiliki konsumsi BBM yang irit.,"Rabu, 25 Sep 2024 08:09 WIB"
Kawasan Industri Surabaya Pakai Teknologi IoT Meteran Air Tingkatkan Efisiensi,PDAM Surya Sembada Surabaya akan menggunakan teknologi Internet of Things (IoT) pada meteran air di kawasan industri. PT SIER pertama kalinya menerapkan untuk meningkatkan pelayanan dan meningkatkan efisiensi dan efektivitas pengelolaan air bersih.,"Senin, 02 Sep 2024 00:05 WIB"
Rahasia Sukses untuk Inovasi Teknologi,Di era modern serba cepat ini tentunya pasti akan beradu inovasi satu sama lain. Hal itu tentu merupakan sebuah tantangan tersendiri dalam mengembangkan suatu ide hingga menjadi inovasi dan dapat diimplementasikan.,"Selasa, 14 Mei  2024 19:40 WIB"
Indonesia dan Mesir Bahas Kerja Sama di Bidang Teknologi Informasi,"Mesir menjadi negara pertama yang mengajukan pertemuan bilateral dalam High Level Forum on Multi Stakeholder Partnerships (HLF-MSP) dan Indonesia Africa Forum (IAF) 2024. Pertemuan tersebut digelar di Nusa Dua, Kuta Selatan, Badung, Bali, pada Senin (2/9/2024).","Senin, 02 Sep 2024 14:40 WIB"
Jangan Sampai Kudet! Ini 10 Istilah Teknologi AI dan Pengertiannya,"Sejak generative artificial intelligence (AI) menjadi semakin populer pada akhir 2022, banyak pemahaman dasar akan teknologi tersebut. Nah, agar detikers tidak kudet alias kurang update, ini 10 istilah AI yang perlu diketahui.","Senin, 09 Sep 2024 10:25 WIB"
Detik-detik Horor Kapal Mewah Bos Teknologi Tenggelam Mendadak,"Kru kapal pesiar mewah Bayesian yang tenggelam di lepas pantai Sisilia, Italia angkat bicara momen horor saat kapal itu celaka dan akhirnya menewaskan 7 orang, termasuk juragan teknologi asal Inggris, Mike Lynch.","Senin, 02 Sep 2024 19:32 WIB"
"Buka GIIAS Bandung 2024, Bey Machmudin Terkesan Teknologi Baru Otomotif","Penjabat Gubernur Jawa Barat Bey Machmudin membuka Gaikindo Indonesia International Auto Show (GIIAS) 2024. Ajang itu digelar di Sudirman Grand Ballroom, Kota Bandung.","Rabu, 25 Sep 2024 22:40 WIB"
"Gunakan Teknologi Modern, 11 Situs Kuno yang Misterius Berhasil Terungkap","Pandangan kita terhadap sejarah kuno seringkali diselimuti oleh misteri yang tampaknya belum terpecahkan. Namun, selama bertahun-tahun, sejarawan terus mengumpulkan informasi baru dan arkeolog yang menemukan artefak di situs-situs kuno terus memberikan lebih banyak informasi dengan bantuan teknologi yang terus berkembang ini.","Jumat, 17 Nov 2023 10:00 WIB"
Mahasiswa di Inggris Buat Nanomaterial Baru untuk Deteksi Sidik Jari,"Seorang mahasiswa di Inggris bersama peneliti asal Inggris dan Brasil sedang ciptakan alat yang bisa mendeteksi sidik jari bahkan untuk ukuran residu yang kecil. Mereka gunakan bubuk nanomaterial yang berasal dari bubuk cangkang udang, kepiting, atau lobster. Hasil pengujiannya bubuk halus ini mampu menangkap lebih banyak detail meskipun hanya sedikit residu sidik jari yang menempel.","12,551 Views  |  Kamis, 19 Sep 2024 08:59 WIB"
Konsep Pernikahan dengan Teknologi AI Jadi Tren Baru di 2024,"Bridestory akui âFloral Wondersâ masih menjadi tren konsep pernikahan yang diminati para calon pengantin di tahun ini. Selain itu, apa lagi ya? Simak penjelasannya berikutâ¦",Tidak ada tanggal
Teknologi di Balik Pengambilan Air Zamzam,"Sumur zamzam tidak pernah mengering sejak zaman Nabi Ismail. Secara ajaib, mata air zamzam keluar saat Nabi Ismail menangis karena kehausan di padang pasir bersama ibunya, Siti Hajar.","Sabtu, 15 Jun 2024 17:15 WIB"
Teknologi AI Buatan RI Banyak Dipakai Instansi Pemerintah,Teknologi Artificial Intelligence (AI) karya anak bangsa mengalami perkembangan pesat dan mulai banyak digunakan di instansi pemerintahan.,"Kamis, 29 Agu 2024 15:50 WIB"
Inovasi Teknologi Mudahkan Pasien Berobat Tanpa Antre,Bekasi- Inovasi teknologi dilakukan dalam rangka memberi pelayanan kesehatan terbaik kepada pasien. Inovasi itu memungkinkan pasien berobat tanpa antre.,"Senin, 23 Sep 2024 21:17 WIB"
Ini yang Dikhawatirkan Menkominfo dari Teknologi AI,"Teknologi Artificial Intellegence atau kecerdasan buatan dapat membantu manusia. Namun, kehadiran AI mengundang ketakutan.","3,014 Views  |  Selasa, 04 Jun 2024 08:14 WIB"
Teknologi Baru Buat yang LDR: 'Hadirkan' Orang Terkasih Lewat Hologram 3D,Perusahaan asal Belanda bernama Holoconnects membuat teknologi bernama Holobox. Holobox ini mampu menciptakan hologram 3D yang hidup dalam resolusi 4K. Seperti apa?,"4,075 Views  |  Senin, 15 Jan 2024 07:54 WIB"
"Sambut Teknologi AI, Tata Kelola Libatkan Multistakeholder","Teknologi Kecerdasan Artifisial (AI) memang seperti pisau bermata dua. Alih-alih memberikan kemaslahatan bagi manusia dan kemanusiaan, AI justru rentan memberikan banyak persoalan dan dampak negatif yang tak terbayangkan sebelumnya.","Minggu, 02 Jun 2024 13:07 WIB"
"Implementasi Teknologi BIM, WIKA Gedung Raih Penghargaan di Level ASEAN",PT Wijaya Karya Bangunan Gedung Tbk (WEGE) berhasil meraih penghargaan di level ASEAN. Kali ini WEGE meraih penghargaan sebagai Grand Winner Innovator of the Year Award dalam ajang bergengsi 'Autodesk ASEAN Innovation Award 2024'.,"Rabu, 28 Agu 2024 13:05 WIB"
Bos Telkom Ajak Raksasa Telco Lincah Sambut Perkembangan Teknologi,"Direktur Utama Telkom Ririek Adriansyah mengatakan tren makro global telah mengubah masa depan transformasi digital di seluruh dunia, termasuk Indonesia.","Kamis, 29 Agu 2024 13:48 WIB"
BMKG Ajak Nelayan Melek Teknologi Buat Tingkatkan Produktivitas Tangkapan,"Plt Kepala Badan Meteorologi, Klimatologi, dan Geofisika (BMKG) Dwikorita Karnawati mengajak para nelayan memanfaatkan kemajuan teknologi untuk meningkatkan produktivitas tangkapan ikan serta keamanan. BMKG telah memiliki sistem informasi bernama Indonesian Weather Information for Shipping (INA-WIS) dan aplikasi InfoBMKG sebagai acuan dalam melaut dan menangkap ikan.","39,515 Views  |  Jumat, 30 Agu 2024 05:27 WIB"
"Teknologi AI Kian Berkembang Pesat, Tapi Manusia Tetap Pengendalinya","Teknologi kecerdasan buatan atau artificial intelligence (AI) mengundang kekhawatiran, terutama bisa menggantikan peran manusia di masa mendatang. Kendati begitu, keberadaan manusia akan tetap menjadi pengendalinya.","Senin, 26 Agu 2024 22:30 WIB"
Proses Transplantasi Jantung Robotik Pertama pada Anak di Arab Saudi,Rumah Sakit dan Pusat Penelitian Spesialis King Faisal di Arab Saudi melakukan transplantasi jantung robotik pertama pada pasien berusia 16 tahun. Teknologi robotik ini diharapkan bisa mempercepat proses pemulihan pasien.,"64,045 Views  |  Senin, 16 Sep 2024 17:00 WIB"
"Mengenal IDCHAIN, Teknologi Blockchain Untuk Proteksi Data Pribadi","Seiring semakin masifnya pemanfaatan layanan digital, keamanan data menjadi sorotan utama. Teknologi blockhain disebut sebagai solusi potensial untuk memperkuat infrastruktur digital di masa depan.","Selasa, 27 Agu 2024 20:09 WIB"
Pertamina Edukasi Inovasi Teknologi Energi Terbarukan di Kalangan SMA,"Sebanyak 10 sekolah sudah menjadi bagian dari Program SEB, yakni SMK Negeri 2 Dumai, SMA Negeri 14 Palembang (Sumatera) SMA Negeri 40 Jakarta Utara, SMK Merdeka Bandung, SMA Negeri 3 Cilacap, SMP Negeri 7 Cirebon, SMA Negeri 14 Semarang (Jawa) SMA Negeri 8 Denpasar (Bali) SMP Negeri 1 Tidore (Maluku) dan SMA Negeri 6 Sorong (Papua).","Sabtu, 24 Agu 2024 12:47 WIB"
"Prabowo ke Wisudawan Unhan: Bawa Ilmu dan Teknologi, Hilangkan Kemiskinan",Menteri Pertahanan (Menhan)Prabowo Subiantoberharap putra putri terbaik bangsa Indonesia bisa berkontribusi dalam upaya mengentaskan kelaparan dan kemiskinan. Hal ini disampaikan Prabowo di hadapan 425 wisudawan Univeristas Pertahanan RI.,"Sabtu, 24 Agu 2024 19:42 WIB"
Sensasi Teknologi AI di Berbagai Bidang Komputasi,Jakarta- Tingginya penggunaan AI di berbagai alat komputasi membuat produsen chip berlomba-lomba mengembangkan teknologi untuk memenuhi kebutuhan itu. Ini salah satunya.,"Rabu, 18 Sep 2024 21:50 WIB"
Pemerintah Bakal Kasih Insentif Investasi Data Center,"Banyak perusahaan teknologi berlomba-lomba membangun data center untuk menyokong pelatihan dan pengembangan teknologi kecerdasan buatan (AI). Melihat ini, pemerintah juga membuka peluang bagi perusahaan asing yang mau berinvestasi dan membangun infrastruktur di RI.","Jumat, 11 Okt 2024 21:30 WIB"
Museum Nasional Indonesia Refresh! Ditata Sesuai Jati Diri Nusantara,Museum Nasional Indonesia (MNI) mulai dibuka kembali usai renovasi pasca kebakaran. Penataan MNI kini sesuai jati diri Nusantara. Ini penjelasan kurator.,"Jumat, 11 Okt 2024 21:25 WIB"
Telkomsel Hadirkan Pemanfaatan Teknologi 5G Standalone Pertama di RI,"Telkomsel menghadirkan teknologi 5G Standalone (5G SA) pertama di Indonesia. Pemanfaatan 5G Standalone digelar di Ibu Kota Nusantara, Bali, dan Maluku Utara.","Senin, 19 Agu 2024 13:20 WIB"
Sucofindo Bahas Penggunaan Teknologi AI untuk Sustainability Bareng IBM,"PT Sucofindo (Persero) mengikuti Media Briefing IBM Think 2024 Singapore di Sand Expo and Convention Center, Singapura. Pertemuan ini membahas penggunaan Teknologi Kecerdasan Buatan/Artificial Intelligence (AI) khususnya di lingkup organisasi di Asia Tenggara (ASEAN).","Senin, 19 Agu 2024 12:40 WIB"
Ada Lomba Lari di BSD Pakai Teknologi Canggih,Lomba lariDocorun for Health 2024baru saja diadakan akhir pekan kemarin. Uniknya lomba ini memakai teknologi canggih.,"Senin, 19 Agu 2024 22:50 WIB"
Teknologi LASIK Jadi Solusi Pegolf agar Penglihatan Tajam Bebas Hambatan,"Penglihatan yang tajam adalah kunci bagi para golfer untuk mencapai performa terbaik di lapangan. Bagi sebagian besar atlet, kondisi mata, seperti miopia, astigmatisma, atau hipermetropia bisa menjadi penghalang yang signifikan.","Minggu, 25 Agu 2024 11:26 WIB"
"Jasad Putri Bos Teknologi Ditemukan, Remaja Pintar yang Lolos Oxford","Juragan teknologi Inggris,Mike Lynch, dan putrinya yang baru berusia 18 tahun, Hannah, tenggelam bersama kapal pesiar mewah Bayesian yang diterjang badai hebat. Keduanya dilaporkan telah ditemukan meninggal dunia.","Kamis, 22 Agu 2024 13:36 WIB"
NASA Uji Coba Telemedicine di Antariksa Bersama Misi Polaris Dawn,"NASA tengah melakukan uji coba telemedicine di antariksa. Penelitian tersebut dilakukan dalam misi Polaris Dawn yang baru saja diluncurkan dengan roket Falcon 9 SpaceX, Selasaf (10/9). Para awak akan mengumpulkan data kesehatan, salah satunya soal mabuk perjalanan di luar angkasa.","18,032 Views  |  Jumat, 13 Sep 2024 08:02 WIB"
"8 Penemuan Orang Indonesia yang Diakui Dunia, Bidang Sains hingga Teknologi",Indonesia memiliki banyak ilmuwan yang penemuannya diakui dunia. Beberapa di antaranya bahkan mendapatkan penghargaan dan diapresiasi dalam berbagai jurnal ilmiah. Siapa saja ilmuwan tersebut?,"Rabu, 07 Feb 2024 14:00 WIB"
"Rumah Berkualitas Butuh Meterial Berkualitas, Produsen Baja Lokal Pamer Teknologi","Rumah yang berkualitas dan tahan lama dipengaruhi dari materialnya yang dipakai.Materialyang kuat saja tidak cukup, dibutuhkan produk-produk yang juga aman bagi lingkungan. Mengingat saat ini sudah ada teknologi yang dapat mendukung pembuatan material-material yang ramah lingkungan tersebut.","Minggu, 11 Agu 2024 20:30 WIB"
"Kapal Mewah Tenggelam, Pesta Elite Bos Teknologi Berujung Tragedi","Mike Lynchdan beberapa koleganya sebenarnya sedang merayakan kebebasan dalam kasus berlarut-larut dengan raksasa internet Amerika Serikat, Hewlett-Packard. Namun nasib nahas menimpanya, kapal pesiar mewah yang ditumpanginya tenggelam dan juragan teknologi asal Inggris itu hilang.","Rabu, 21 Agu 2024 11:15 WIB"
"Intip Penitipan Anak di Dubai, Gunakan AI Pantau Perkembangan Anak",Dubai- Sebuah tempat penitipan anak di Dubai menggunakan AI dan teknologi canggih untuk memantau perkembangan anak usia dini. Begini potretnya.,"Rabu, 18 Sep 2024 21:01 WIB"
Sejarah Hari Kebangkitan Teknologi Nasional 10 Agustus dan Contoh Ucapannya,Hari Kebangkitan Teknologi Nasional (Harteknas) diperingati setiap 10 Agustus. Peringatan ini ditetapkan sebagai bentuk dari keberhasilan penerbangan pertama (first flight) dari pesawat N-250 Gatotkaca pada tanggal 10 Agustus 1995.,"Sabtu, 10 Agu 2024 04:30 WIB"
Jasad Putri Bos Teknologi yang Tenggelam Ditemukan Setelah 5 Hari,"JasadHannah Lynch, putri bungsu bos teknologi InggrisMike Lynch, telah ditemukan. Hannah merupakan orang terakhir yang ditemukan setelahkapal pesiarmilik keluarganya tenggelam di perairan Sisilia, Italia pada Senin (19/8) kemarin.","Sabtu, 24 Agu 2024 09:45 WIB"
"Mengenal Teknologi Diamans Glazed Technology dan Through Body, Apa Itu?","Pameran IndoBuildTech 2024 yang berlangsung di ICE BSD, Tangerang, Banten, menjadi ajang bagi PT Cahaya Lestari Permai Abadi untuk teknologi terbaru di sektor industri bahan bangunan.","Sabtu, 10 Agu 2024 20:35 WIB"
"Jasad Juragan Teknologi Ditemukan, Ternyata Putrinya Masih Hilang","Tim penyelam dari kepolisian Italia telah berhasil mengangkat 5 jenazah yang ditemukan di kapan pesiar mewah Bayesian yang tenggelam di Sisilia, Italia. Beberapa media di mancanegara sempat melaporkan bahwa jasad taipan teknologi Inggris Mike Lynch dan putrinya, Hannah, termasuk yang sudah diambil dari dasar laut.","Jumat, 23 Agu 2024 10:40 WIB"
